title,year,desc,cast,director,genres,rating
The Last Voyage of the Demeter,2023,"Based on a single chapter, the Captain's Log, from Bram Stoker's classic 1897 novel ""Dracula"", the story is set aboard the Russian schooner Demeter, which was chartered to carry private cargo - 24 unmarked wooden crates - from Carpathia to London. The film will detail the strange events that befell the doomed crew as they attempt to survive the ocean voyage, stalked each night by a terrifying presence on board the ship. When it finally arrived near Whitby Harbour, it was derelict. There was no trace of the crew.","Corey Hawkins, Aisling Franciosi, Liam Cunningham, David Dastmalchian",André Øvredal,"['Fantasy', 'Horror']",R
The Secret Kingdom,2023,"Join Peter and Verity on a magical journey, as they embark on a quest to unite five mystical treasures to defeat an ancient enemy - the evil Shroud, and save an enchanted land in this thrilling fantasy adventure fit for the whole family!","Alyla Browne, Alice Parkinson, Sam Everingham, Gabrielle Chan",Matt Drummond,"['Adventure', 'Family']",PG
The Unlikely Pilgrimage of Harold Fry,2023,"Harold is an ordinary man who has passed through life, living on the side lines, until he goes to post a letter one day...and just keeps walking.","Jim Broadbent, Penelope Wilton, Earl Cave, Linda Bassett",Hettie Macdonald,['Drama'],NR
A Haunting in Venice,2023,"In post-World War II Venice, Poirot, now retired and living in his own exile, reluctantly attends a seance. But when one of the guests is murdered, it is up to the former detective to once again uncover the killer.","Kelly Reilly, Michelle Yeoh, Kenneth Branagh, Jamie Dornan",Kenneth Branagh,"['Crime', 'Drama', 'Horror', 'Mystery', 'Thriller']",PG-13
My Big Fat Greek Wedding 3,2023,"After travelling to Greece for a family reunion, a woman attempts to locate her deceased father's childhood friends.","Nia Vardalos, John Corbett, Andrea Martin, Elena Kampouris",Nia Vardalos,"['Comedy', 'Drama', 'Romance']",PG-13
Barbie,2023,To live in Barbie Land is to be a perfect being in a perfect place. Unless you have a full-on existential crisis. Or you're a Ken.,"Margot Robbie, Ryan Gosling, America Ferrera, Kate McKinnon",Greta Gerwig,"['Adventure', 'Comedy', 'Fantasy']",PG-13
Mission: Impossible - Dead Reckoning Part One,2023,Ethan Hunt and his IMF team must track down a dangerous weapon before it falls into the wrong hands.,"Tom Cruise, Hayley Atwell, Ving Rhames, Simon Pegg",Christopher McQuarrie,"['Action', 'Adventure', 'Thriller']",PG-13
Gran Turismo : Based on A True Story,2023,A teenage Gran Turismo player wins a series of Nissan competitions and later becomes an actual professional race car driver.,"Djimon Hounsou, Orlando Bloom, David Harbour, Darren Barnet",Neill Blomkamp,"['Action', 'Adventure', 'Drama']",PG-13
The Equalizer 3,2023,"Robert McCall finds himself at home in Southern Italy but he discovers his friends are under the control of local crime bosses. As events turn deadly, McCall knows what he has to do: become his friends' protector by taking on the mafia.","Denzel Washington, Dakota Fanning, David Denman, Sonia Ammar",Antoine Fuqua,"['Action', 'Crime', 'Thriller']",R
Violent Night,2022,"On Christmas Eve, Santa Claus finds himself on a surprise mission to protect a group of hostages. When a group of mercenaries breaks into the compound of a rich family, they don't foresee Santa's combative skills. What follows is a holy but hostile night of gifts, guns, and gore.","David Harbour, John Leguizamo, Beverly D'Angelo, Alex Hassell",Tommy Wirkola,"['Action', 'Comedy', 'Thriller']",R
Spider-Man: Far From Home,2019,"Peter Parker and his friends go on a summer trip to Europe. However, they will hardly be able to rest - Peter will have to agree to help Nick Fury uncover the mystery of creatures that cause natural disasters and destruction throughout the continent.","Tom Holland, Samuel L. Jackson, Jake Gyllenhaal, Marisa Tomei",Jon Watts,"['Action', 'Adventure', 'Comedy']",PG-13
City of God,2002,"In the slums of Rio, two kids' paths diverge as one struggles to become a photographer and the other a kingpin.","Alexandre Rodrigues, Leandro Firmino, Phellipe Haagensen, Douglas Silva",Fernando Meirelles,"['Crime', 'Drama']",R
The Princess Diaries,2001,"In director Garry Marshall's charming modern-day fable, Julie Andrews plays a European queen who grooms her awkward, long-lost American granddaughter (Anne Hathaway) for the throne. Hector Elizondo, Heather Matarazzo and Mandy Moore round out the cast. Caroline Goodall, Robert Schwartzman, Erik von Detten.","Anne Hathaway, Julie Andrews, Patrick John Flueger, Heather Matarazzo",Garry Marshall,"['Comedy', 'Family', 'Romance']",G
The Devil Wears Prada,2006,A college grad gets her first job as an assistant to a tempestuously toxic editrix at a fashion magazine. Meryl Streep gives a haute-couture-de-force performance as the boss from hell in this caustically hilarious adaptation.,"Meryl Streep, Anne Hathaway, Stanley Tucci, Emily Blunt",David Frankel,"['Comedy', 'Drama']",PG-13
Sex and the City 2,2010,"Carrie, Charlotte, and Miranda are all married now, but they're still up for a little fun in the sun. When Samantha gets the chance to visit one of the most extravagant vacation destinations on the planet and offers to bring them all along, they surmise that a women-only retreat may be the perfect excuse to eschew their responsibilities and remember what life was like before they decided to settle down.","Sarah Jessica Parker, Kristin Davis, Cynthia Nixon, Kim Cattrall",Michael Patrick King,"['Comedy', 'Drama', 'Romance']",R
Love Actually,2003,Follows seemingly unrelated people as their lives begin to intertwine while they fall in – and out – of love. Affections languish and develop as Christmas draws near.,"Adam Godley, Hugh Grant, Heike Makatsch, Alan Rickman",Richard Curtis,"['Comedy', 'Drama', 'Romance']",R
The Polar Express,2004,"A doubting 8-year-old boy is whisked to the North Pole on a magical train for a meeting with Santa in this dazzling animated Christmas fable. Meanwhile, the boy's crisis in faith turns into a wondrous journey of self-discovery.","Tom Hanks, Nona Gaye, Peter Scolari, Leslie Zemeckis",Robert Zemeckis,"['Animation', 'Adventure', 'Comedy']",G
Rise of the Guardians,2012,"When an evil spirit known as Pitch lays down the gauntlet to take over the world, the immortal Guardians must join forces for the first time to protect the hopes, beliefs, and imaginations of children all over the world.","Chris Pine, Alec Baldwin, Jude Law, Isla Fisher",Peter Ramsey,"['Animation', 'Action', 'Adventure', 'Comedy', 'Drama', 'Family', 'Fantasy']",PG
Shrek 2,2004,"This hilarious, entertaining and clever sequel to the 2001 hit follows Shrek and his princess bride as they travel to meet the in-laws, who are unaware their daughter has turned into the same kind of green ogre as her husband.","Mike Myers, Eddie Murphy, Cameron Diaz, Julie Andrews","Conrad Vernon, Andrew Adamson, Kelly Asbury","['Animation', 'Adventure', 'Comedy', 'Family', 'Fantasy', 'Romance']",PG
Adam Sandler's Eight Crazy Nights,2002,"Adam Sandler invites you to share some holiday cheer in the new, no-holds-barred musical comedy Adam Sandler's 8 Crazy Nights. Davey Stone, a 33-year old party animal, finds himself in trouble with the law after his wild ways go too far. In keeping with the holiday spirit, the judge gives Davey one last chance at redemption-spend the holiday performing community service as the assistant referee for the youth basketball league or go to jail. Davey thinks he's gotten off easy until he meets Whitey Duvall, the eccentric, elf-like head referee. The mismatch between Whitey's good heart and never-ending optimism and Davey's constant troublemaking soon have them both wondering if going to jail wouldn't have been easier! In this new, full-length animated feature about basketball, old girlfriends, holiday spirits, and the mall, Adam Sandler voices the three lead characters of Whitey, Davey, and Whitey's fraternal twin sister Eleanore!","Adam Sandler, Jackie Sandler, Austin Stout, Kevin Nealon",Seth Kearsley,"['Animation', 'Comedy', 'Musical']",PG-13
The Hunger Games,2012,"In this exciting adaptation of the popular novel, 16-year-old Katniss Everdeen must compete in a cruel televised tournament in which 24 teenagers from a postapocalyptic society fight to the death for the entertainment of the masses.","Jennifer Lawrence, Josh Hutcherson, Liam Hemsworth, Woody Harrelson",Gary Ross,"['Action', 'Adventure', 'Sci-Fi', 'Thriller']",PG-13
Her,2013,"In the not so distant future, Theodore, a lonely writer purchases a newly developed operating system designed to meet the user's every needs. To Theodore's surprise, a romantic relationship develops between him and his operating system. This unconventional love story blends science fiction and romance in a sweet tale that explores the nature of love and the ways that technology isolates and connects us all.","Joaquin Phoenix, Scarlett Johansson, Amy Adams, Rooney Mara",Spike Jonze,"['Drama', 'Romance', 'Sci-Fi']",R
West Side Story,1961,"In the slums of the upper West Side of Manhattan, New York, a gang of Polish-American teenagers called the Jets compete with a rival gang of recently immigrated Puerto Ricans, the Sharks, to ""own"" the neighborhood streets. Tensions are high between the gangs but two kids, one from each rival gang, fall in love leading to tragedy.","Natalie Wood, Richard Beymer, Russ Tamblyn, Rita Moreno",Robert Wise,"['Crime', 'Drama', 'Musical']",G
Pride & Prejudice,2005,"The story is based on Jane Austen's novel about five sisters - Jane (Rosamund Pike), Elizabeth (Keira Knightley), Mary (Talulah Riley), Kitty (Carey Mulligan), and Lydia Bennet (Jena Malone) - in Georgian England. Their lives are turned upside down when wealthy young Mr. Bingley (Simon Woods) and his best friend, Mr. Darcy (Matthew Macfadyen), arrive in their neighborhood.","Keira Knightley, Talulah Riley, Rosamund Pike, Jena Malone",Joe Wright,"['Drama', 'Romance']",PG
Straight Outta Compton,2015,"In 1987, five young men, using brutally honest rhymes and hardcore beats, put their frustration and anger about life in the most dangerous place in America into the most powerful weapon they had: their music. Taking us back to where it all began, Straight Outta Compton tells the true story of how these cultural rebels—armed only with their lyrics, swagger, bravado and raw talent—stood up to the authorities that meant to keep them down and formed the world’s most dangerous group, N.W.A. And as they spoke the truth that no one had before and exposed life in the hood, their voice ignited a social revolution that is still reverberating today.","O'Shea Jackson Jr., Corey Hawkins, Jason Mitchell, Neil Brown Jr.",F. Gary Gray,"['Biography', 'Drama', 'History', 'Music']",R
Coach Carter,2005,"In 1999, Ken Carter accepts the job of basketball coach for his old high school in a poor area of Richmond, CA. As much dismayed by the poor attitudes of his players as well as their dismal play performance, Carter sets about to change both. He imposes a strict regime typified in written contracts that demand respectful behavior, a dress code and good grades for players. Any initial resistance is soon dispelled as the team under Carter's tutelage becomes a undefeated competitor. However, when the overconfident team's behavior begins to stray with too many doing poorly in class, Carter takes immediate action. To the outrage of the team, the school and the community, Carter cancels all team activities and locks the court until the team shows acceptable academic improvement. In the ensuing debate, Carter fights to keep his methods, determined to show the boys that they need good values for their futures and eventually finds he has affected them more profoundly than he ever expected.","Samuel L. Jackson, Rob Brown, Robert Ri'chard, Rick Gonzalez",Thomas Carter,"['Biography', 'Drama', 'Sport']",PG-13
8 Mile,2002,"Follows a young rapper in the Detroit area, struggling with every aspect of his life, wants to make it big but his friends and foes make this odyssey of rap harder than it may seem.","Eminem, Kim Basinger, Mekhi Phifer, Brittany Murphy",Curtis Hanson,"['Drama', 'Music']",R
Fade to Black,2004,"An intimate look at hip-hop artist Shawn Carter, Jay-Z, revealing the multiple Grammy Award winning artist as never before, from his background and rise to fame to the recording of his last album. The film chronicles the legendary concert of Jay-Z's performance at Madison Square Garden in November 2003. In an unprecedented event, a hip-hop artist sold out an arena in only two hours. Nearly one year later, fans and artists alike still reflect on this monumental musical night. The event was a spectacular culmination of Jay-Z's recording career prior to his self-proclaimed retirement from solo performing. Yet this one night also defined a musical generation, showcasing the evolution and reach of the world's most popular music genre. Guest performers included Jay-Z's closest friends and music industry colleagues: Beyoncé, Mary J. Blige, Missy Elliott, R. Kelly, Foxy Brown, Pharrell, and Questlove and The Illadelphonics along with appearances by hip hop icons Damon Dash, Rick Rubin, Slick Rick, P. Diddy and many others. Viewers get the rare glimpse of Jay-Z's creative process as he searches for inspiration, poetry, and perfection in his songs. Narrated by Jay-Z, his account of the night takes on reflections of his entire musical career and his journey that led to this one astounding, fabled evening--rightfully called ""Fade To Black.""","Jay-Z, Fonzworth Bentley, Beyoncé, Memphis Bleek","Patrick Paulson, Michael John Warren",['Documentary'],R
White Chicks,2004,"Two FBI agent brothers, Marcus and Kevin Copeland, accidentally foil a drug bust. To avoid being fired they accept a mission escorting a pair of socialites to the Hamptons--but when the girls are disfigured in a car accident, they refuse to go. Left without options, Marcus and Kevin decide to pose as the sisters, transforming themselves from black men into rich white women.","Shawn Wayans, Marlon Wayans, Jaime King, Frankie Faison",Keenen Ivory Wayans,"['Comedy', 'Crime']",PG-13
Elf,2003,"Santa's oversized helper Will Ferrell goes to New York to find his real dad, only to discover he's a mean old grouch. Hit comedy with Zooey Deschanel.","Bob Newhart, Edward Asner, Mary Steenburgen, Zooey Deschanel",Jon Favreau,"['Adventure', 'Comedy', 'Family']",PG
The Best Man,1999,"Harper's autobiographical novel is almost out, his girlfriend Robin desires commitment, and he's best man at the wedding of Lance, a pro athlete. He goes to New York early (Robin will come for the wedding) to hang out with Lance and other friends, including Jordan, his former almost-lover, now in media and privy to an advance copy of the book. The men discuss women, never facing their own double standard; Jordan wants to try again with Harper, at least for one night; and Harper fears that Lance will read his book and learn that the bride-to-be slept with him once to avenge Lance's many affairs. Can Harper mature before Lance kills him, Jordan seduces him, and he loses Robin?","Taye Diggs, Nia Long, Morris Chestnut, Harold Perrineau",Malcolm D. Lee,"['Comedy', 'Drama', 'Romance']",R
Up in the Air,2009,"Ryan Bingham is a corporate downsizing expert whose cherished life on the road is threatened just as he is on the cusp of reaching ten million frequent flyer miles, and just after he's met the frequent-traveller woman of his dreams.","George Clooney, Vera Farmiga, Anna Kendrick, Jason Bateman",Jason Reitman,"['Comedy', 'Drama', 'Romance']",R
Bridget Jones's Diary,2001,"Bridget Jones (Renée Zellweger) is an average woman struggling against her age, her weight, her job, her lack of a man, and her many imperfections. As a New Year's Resolution, Bridget decides to take control of her life, starting by keeping a diary in which she will always tell the complete truth. The fireworks begin when her charming though disreputable boss takes an interest in the quirky Miss Jones. Thrown into the mix are Bridget's band of slightly eccentric friends and a rather disagreeable acquaintance into whom Bridget cannot seem to stop running or help finding quietly attractive.","Renée Zellweger, Gemma Jones, Celia Imrie, James Faulkner",Sharon Maguire,"['Comedy', 'Drama', 'Romance']",R
Forrest Gump,1994,"Six Oscars, including Best Picture and Actor (Tom Hanks), went to this extraordinary tale of a simple man who unwittingly becomes involved in some of the key moments of the 20th century. Meanwhile, as the remarkable parade of his life goes by, Forrest never forgets Jenny, the girl he loved as a boy, who makes her own journey through the turbulence of the 1960s and '70s that is far more troubled than the path Forrest happens upon.","Tom Hanks, Robin Wright, Gary Sinise, Mykelti Williamson",Robert Zemeckis,"['Drama', 'Romance']",PG-13
Inception,2010,"Cobb, a skilled thief who commits corporate espionage by infiltrating the subconscious of his targets is offered a chance to regain his old life as payment for a task considered to be impossible: ""inception"", the implantation of another person's idea into a target's subconscious.","Leonardo DiCaprio, Ken Watanabe, Joseph Gordon-Levitt, Marion Cotillard",Christopher Nolan,"['Action', 'Adventure', 'Sci-Fi', 'Thriller']",PG-13
Ford V Ferrari,2019,"Matt Damon and Christian Bale star in FORD v FERRARI, based on the true story of visionary American car designer Carroll Shelby and fearless British-born driver Ken Miles, who together build a revolutionary race car for Ford Motor Company and take on the dominating race cars of Enzo Ferrari at the 24 Hours of Le Mans in France in 1966.","Christian Bale, Matt Damon, Caitriona Balfe, Josh Lucas",James Mangold,"['Action', 'Biography', 'Drama']",PG-13
The Fast and the Furious,2001,"The thrills come fast and furious again as fugitive ex-con Dom Toretto returns to Los Angeles seeking the truth behind a high-profile crime and teams with Agent Brian O'Conner to take down a common enemy. Speeding from the streets of L.A. into the Mexican desert in convoy heists and precision tunnel crawls, Dom and Brian explore exciting new frontiers in the fine art of racing while closing in on their elusive target.","Paul Walker, Vin Diesel, Michelle Rodriguez, Jordana Brewster",Rob Cohen,"['Action', 'Crime', 'Thriller']",PG-13
Baby Driver,2017,"After being coerced into working for a crime boss, a young getaway driver finds himself taking part in a heist doomed to fail.","Ansel Elgort, Kevin Spacey, Lily James, Jon Bernthal",Edgar Wright,"['Action', 'Crime', 'Drama', 'Music']",R
Saving Private Ryan,1998,"Steven Spielberg won the Best Director Oscar for this stunning war drama following a squad of U.S. Army soldiers on a mission to rescue a GI trapped behind enemy lines in France on D-Day after all three of the soldier's brothers are killed in action. As the search commences, the close-knit squad sets out through areas still thick with Nazis.","Tom Hanks, Tom Sizemore, Edward Burns, Matt Damon",Steven Spielberg,"['Drama', 'War']",R
Allegiant,2016,"After the earth-shattering revelations of Insurgent, Tris must escape with Four beyond the wall that encircles Chicago, to finally discover the shocking truth of the world around them.","Shailene Woodley, Theo James, Naomi Watts, Octavia Spencer",Robert Schwentke,"['Action', 'Adventure', 'Mystery']",PG-13
Ocean's Eleven,2001,"Less than 24 hours into his parole, charismatic thief Danny Ocean is already rolling out his next plan: In one night, Danny's hand-picked crew of specialists will attempt to steal more than $150 million from three Las Vegas casinos. But to score the cash, Danny risks his chances of reconciling with ex-wife, Tess.","George Clooney, Brad Pitt, Matt Damon, Andy García",Steven Soderbergh,"['Crime', 'Thriller']",PG-13
Maze Runner: The Death Cure,2018,"Thomas leads his group of escaped Gladers on their final and most dangerous mission yet. To save their friends, they must break into the legendary Last City, a WCKD-controlled labyrinth that may turn out to be the deadliest maze of all. Anyone who makes it out alive will get answers to the questions the Gladers have been asking since they first arrived in the maze.","Dylan O'Brien, Kaya Scodelario, Thomas Brodie-Sangster, Ki Hong Lee",Wes Ball,"['Action', 'Adventure', 'Sci-Fi', 'Thriller']",PG-13
Ocean's Twelve,2004,"They pulled off one of the biggest heists ever and now they have another job to complete. Ocean's Eleven, which consisted off Danny Ocean (Clooney), Rusty Ryan (Pitt) and Linus Caldwell (Damon) and others, all thought they would be able to enjoy their money, but someone has other plans. Terry Benedict (Garcia) is still fuming after losing his money and wants it back. The team now have the job of getting all the money they spent back, or risk being thrown in jail. How are they going to get it all back? By pulling off another amazing plan.","Brad Pitt, Catherine Zeta-Jones, George Clooney, Ed Kross",Steven Soderbergh,"['Crime', 'Thriller']",PG-13
Divergent,2014,"In a world divided into factions based on personality types, Tris learns that she's been classified as Divergent and won't fit in. When she discovers a plot to destroy Divergents, Tris and the mysterious Four must find out what makes Divergents dangerous before it's too late.","Shailene Woodley, Theo James, Zoë Kravitz, Miles Teller",Neil Burger,"['Action', 'Adventure', 'Mystery']",PG-13
The Maze Runner,2014,"A group of amnesiac teens awaken in a deadly maze, and search desperately for an escape route while gathering clues that could reveal the reason for their imprisonment in this thrilling adaptation of the best-selling YA novel. Meanwhile, dreams of a shadowy organization hint at a sinister agenda.","Dylan O'Brien, Kaya Scodelario, Thomas Brodie-Sangster, Will Poulter",Wes Ball,"['Action', 'Mystery', 'Sci-Fi', 'Thriller']",PG-13
Ocean's Thirteen,2007,"Danny Ocean's team of criminals are back and composing a plan more personal than ever. When ruthless casino owner Willy Bank doublecrosses Reuben Tishkoff, causing a heart attack, Danny Ocean vows that he and his team will do anything to bring down Willy Bank along with everything he's got. Even if it means asking for help from an enemy.","George Clooney, Brad Pitt, Matt Damon, Michael Mantell",Steven Soderbergh,"['Crime', 'Thriller']",PG-13
Maze Runner: The Scorch Trials,2015,Frenetic sci-fi action sequel following a group of teenage survivors trying to stay free of a sinister and controlling organisation.,"Ki Hong Lee, Kaya Scodelario, Thomas Brodie-Sangster, Dexter Darden",Wes Ball,"['Action', 'Adventure', 'Sci-Fi', 'Thriller']",PG-13
The Divergent Series: Insurgent,2015,Beatrice Prior must confront her inner demons and continue her fight against a powerful alliance which threatens to tear her society apart with the help from others on her side.,"Kate Winslet, Jai Courtney, Mekhi Phifer, Shailene Woodley",Robert Schwentke,"['Action', 'Adventure', 'Sci-Fi', 'Thriller']",PG-13
1917,2019,"At the height of the First World War, two young British soldiers must cross enemy territory and deliver a message that will stop a deadly attack on hundreds of soldiers.","George MacKay, Dean-Charles Chapman, Mark Strong, Andrew Scott",Sam Mendes,"['Action', 'Drama', 'War']",R
American Sniper,2014,"U.S. Navy SEAL Chris Kyle takes his sole mission—protect his comrades—to heart and becomes one of the most lethal snipers in American history. His pinpoint accuracy not only saves countless lives but also makes him a prime target of insurgents. Despite grave danger and his struggle to be a good husband and father to his family back in the States, Kyle serves four tours of duty in Iraq. However, when he finally returns home, he finds that he cannot leave the war behind.","Bradley Cooper, Sienna Miller, Kyle Gallner, Cole Konis",Clint Eastwood,"['Action', 'Biography', 'Drama']",R
Evil Dead,2013,"Five friends head to a remote cabin, where the discovery of a Book of the Dead leads them to unwittingly summon up demons living in the nearby woods.","Jane Levy, Shiloh Fernandez, Lou Taylor Pucci, Jessica Lucas",Fede Alvarez,['Horror'],R
Scream,2022,"Twenty-five years after a streak of brutal murders shocked the quiet town of Woodsboro, a new killer has donned the Ghostface mask and begins targeting a group of teenagers to resurrect secrets from the town’s deadly past.","Neve Campbell, Courteney Cox, David Arquette, Melissa Barrera","Matt Bettinelli-Olpin, Tyler Gillett","['Horror', 'Mystery', 'Thriller']",R
Get Out,2017,"Chris and his girlfriend Rose go upstate to visit her parents for the weekend. At first, Chris reads the family's overly accommodating behavior as nervous attempts to deal with their daughter's interracial relationship, but as the weekend progresses, a series of increasingly disturbing discoveries lead him to a truth that he never could have imagined.","Daniel Kaluuya, Allison Williams, Bradley Whitford, Catherine Keener",Jordan Peele,"['Horror', 'Mystery', 'Thriller']",R
The Cabin in the Woods,2012,"Five friends go for a break at a remote cabin, where they get more than they bargained for, discovering the truth behind the cabin in the woods.","Kristen Connolly, Chris Hemsworth, Anna Hutchison, Fran Kranz",Drew Goddard,"['Horror', 'Mystery', 'Thriller']",R
War of the Worlds,2005,An alien invasion threatens the future of humanity. The catastrophic nightmare is depicted through the eyes of one American family fighting for survival.,"Tom Cruise, Dakota Fanning, Miranda Otto, Justin Chatwin",Steven Spielberg,"['Action', 'Adventure', 'Sci-Fi']",PG-13
I Know What You Did Last Summer,1997,"Jennifer Love Hewitt, Sarah Michelle Gellar, Ryan Phillippe and Freddie Prinze Jr. star in this suspenser. They play friends who accidentally run over a man on a dark road, then dispose of the body. Months later, a menacing figure begins stalking them, claiming to know the ""truth"" about their eventful summer vacation. Anne Heche.","Jennifer Love Hewitt, Sarah Michelle Gellar, Ryan Phillippe, Freddie Prinze Jr.",Jim Gillespie,"['Horror', 'Mystery']",PG-13
Jumanji: Welcome To The Jungle,2017,"The tables are turned as four teenagers are sucked into Jumanji's world - pitted against rhinos, black mambas and an endless variety of jungle traps and puzzles. To survive, they'll play as characters from the game.","Karen Gillan, Jack Black, Dwayne Johnson, Kevin Hart",Jake Kasdan,"['Action', 'Adventure', 'Comedy']",PG-13
John Wick: Chapter 2,2017,"Hit man John Wick is once again called out of retirement in this explosive action sequel, this time by a former colleague who wants him to repay a debt by killing an Italian crime lord. But when the assassination goes awry, Wick finds himself hunted by an international cabal of killers, and his only hope for survival might be a shadowy figure known as the Bowery King.","Keanu Reeves, Common, Laurence Fishburne, Ian McShane",Chad Stahelski,"['Action', 'Crime', 'Thriller']",R
John Wick,2014,Prepare to be blown away when retired hit man John Wick returns to the fray to punish the NYC gangsters who destroyed his life.,"Keanu Reeves, Michael Nyqvist, Alfie Allen, Adrianne Palicki","David Leitch, Chad Stahelski","['Action', 'Crime', 'Thriller']",R
John Wick: Chapter 3 - Parabellum,2019,"The third entry of the franchise sees John Wick on the run with a bounty placed on him after he kills a member of an underground assassin's guild. With every hitman in the world hot on his trail, he enlists the help of a trusted ally to fight his way out of New York City.","Keanu Reeves, Halle Berry, Laurence Fishburne, Mark Dacascos",Chad Stahelski,"['Action', 'Crime', 'Thriller']",R
Avengers: Endgame,2019,"After the devastating events of Avengers: Infinity War, the universe is in ruins due to the efforts of the Mad Titan, Thanos. With the help of remaining allies, the Avengers must assemble once more in order to undo Thanos' actions and restore order to the universe once and for all, no matter what consequences may be in store.","Robert Downey Jr., Chris Evans, Mark Ruffalo, Chris Hemsworth",Anthony Russo,"['Action', 'Adventure', 'Drama']",PG-13
Captain America: The First Avenger,2011,"WWII soldier Steve Rogers volunteers for a military experiment that transforms him into a superhero, and he uses his newfound abilities to protect America from a villain known as the Red Skull.","Chris Evans, Tommy Lee Jones, Hugo Weaving, Hayley Atwell",Joe Johnston,"['Action', 'Adventure', 'Sci-Fi']",PG-13
Iron Man,2008,"After being held captive in an Afghan cave, billionaire engineer Tony Stark creates a unique weaponized suit of armor to fight evil.","Robert Downey Jr., Terrence Howard, Jeff Bridges, Gwyneth Paltrow",Jon Favreau,"['Action', 'Adventure', 'Sci-Fi']",PG-13
She's All That,1999,"She's All That is your typical high school prom king and queen story and the run in defending the star status in the upcoming election. High school hottie, Zack Siler is dumped by his prom-queen girlfriend, the equally attractive and extremely popular, Taylor Vaughan who fell for a second-hand world reject TV soap star who she met over the spring break. Having been publicly dumped, Zack defends his discomposure by stating that Taylor is all make-up and wonder-bra and he can make any ordinary girl a prom queen with a similar package. His high-school buddy, Dean Sampson, engages him in a bet following this statement and picks the geeky looking Laney Boggs out of the crowd as the girl Zack must transform into the new prom queen. Zack agrees since he has no option, but as time passes and Laney begins to transform, Zack begins to find her attractive. While all that falls beautifully in place, it's not your typical fairy-tale. Throw in Dean Sampson to complicate the situation, as when he first made the bet he never thought that Zack could rise to the challenge but looking at how Laney has transformed, it looks like Zack could be on a winning streak.","Freddie Prinze Jr., Rachael Leigh Cook, Matthew Lillard, Paul Walker",Robert Iscove,"['Comedy', 'Romance']",PG-13
The Waterboy,1998,"In this engaging comedy, Adam Sandler plays Bobby Boucher, a lovable dolt from the Louisiana bayou who works as a waterboy for a college football team. But when Bobby gets angry, he becomes a football dynamo, and the coach decides to capitalize on that. There's just one problem: Bobby must hide his new role on the team from his neurotic mom (Kathy Bates). Henry Winkler, Fairuza Balk.","Adam Sandler, Kathy Bates, Henry Winkler, Fairuza Balk",Frank Coraci,"['Comedy', 'Sport']",PG-13
School of Rock,2003,"Fired from his band and hard up for cash, guitarist and vocalist Dewey Finn finagles his way into a job as a fifth-grade substitute teacher at a private school, where he secretly begins teaching his students the finer points of rock 'n' roll. The school's hard-nosed principal is rightly suspicious of Finn's activities. But Finn's roommate remains in the dark about what he's doing.","Jack Black, Joan Cusack, Mike White, Sarah Silverman",Richard Linklater,"['Comedy', 'Music']",PG-13
Varsity Blues,1999,"In this rousing coming-of-age tale, a second-string high-school quarterback (James Van Der Beek) replaces the injured starter. At first, the quarterback revels in his new role, but then, his relaxed attitude causes problems with his gung-ho coach (Jon Voight). Paul Walker, Rob Lester, Scott Caan, Richard Lineback, Ali Larter, Tiffany C. Love.","James Van Der Beek, Amy Smart, Jon Voight, Paul Walker",Brian Robbins,"['Comedy', 'Drama', 'Romance', 'Sport']",R
Mean Girls,2004,"Cady Heron is a hit with The Plastics, the A-list girl clique at her new school, until she makes the mistake of falling for Aaron Samuels, the ex-boyfriend of alpha Plastic Regina George.","Lindsay Lohan, Rachel McAdams, Tina Fey, Tim Meadows",Mark Waters,['Comedy'],PG-13
The Longest Yard,2005,"Paul ""Wrecking"" Crewe was a revered football superstar back in his day, but that time has since faded. But when a messy drunk driving incident lands him in jail, Paul finds he was specifically requested by Warden Hazen (James Cromwell), a duplicitous prison official well aware of Paul's athletic skills. Paul has been assigned the task of assembling a team of convicts, to square off in a big football game against the sadistic guards. With the help of fellow convict Caretaker, and an old legend named Nate Scarborough to coach, Crewe is ready for what promises to be a very interesting game. It's only the warden and the guards who have no idea who or what they're up against, with Paul the driving force behind the new team.","Adam Sandler, Chris Rock, Burt Reynolds, Nelly",Peter Segal,"['Comedy', 'Crime', 'Sport']",PG-13
Zoolander,2001,"Derek Zoolander is VH1's three time male model of the year, but when Hansel wins the award instead, Zoolander's world becomes upside down. His friends disappear, his father is disappointed in him, and he feels that he's not good as a model anymore. But when evil fashion guru Mugatu hires Zoolander, he thinks his life has turned back round again, that is until he finds out that Mugatu has actually brainwashed him to kill the Prime Minister of Malaysia. Can Zoolander and his new friends find out how to prevent the incident before it's too late?","Ben Stiller, Owen Wilson, Christine Taylor, Will Ferrell",Ben Stiller,['Comedy'],PG-13
Stripes,1981,Two friends who are dissatisfied with their jobs decide to join the army for a bit of fun.,"Bill Murray, Harold Ramis, Warren Oates, P.J. Soles",Ivan Reitman,"['Comedy', 'War']",R
Beetlejuice,1988,"Thanks to an untimely demise via drowning, a young couple end up as poltergeists in their New England farmhouse, where they fail to meet the challenge of scaring away the insufferable new owners, who want to make drastic changes. In desperation, the undead newlyweds turn to an expert frightmeister, but he's got a diabolical agenda of his own.","Michael Keaton, Geena Davis, Alec Baldwin, Winona Ryder",Tim Burton,"['Comedy', 'Fantasy']",PG
Scary Movie,2000,"A year after disposing of the body of a man they accidentally killed, a group of dumb teenagers are stalked by a bumbling serial killer.","Carmen Electra, Dave Sheridan, Frank B. Moore, Giacomo Baessato",Keenen Ivory Wayans,['Comedy'],R
Book Club,2018,Four lifelong friends have their lives forever changed after reading 50 Shades of Grey in their monthly book club.,"Diane Keaton, Jane Fonda, Candice Bergen, Mary Steenburgen",Bill Holderman,"['Comedy', 'Drama', 'Romance']",PG-13
Bring It On,2000,A champion high school cheerleading squad discovers its previous captain stole all their best routines from an inner-city school and must scramble to compete at this year's championships.,"Kirsten Dunst, Eliza Dushku, Jesse Bradford, Gabrielle Union",Peyton Reed,"['Comedy', 'Romance', 'Sport']",PG-13
The Best Exotic Marigold Hotel,2012,"Tom Wilkinson headlines this uplifting comedy-drama about several British retirees who pool their resources to move to India, only to find that the hotel they're planning to reside at has fallen into disrepair. In time, they attempt to make the best out of a bad situation.","Tom Wilkinson, Maggie Smith, Judi Dench, Bill Nighy",John Madden,"['Comedy', 'Drama', 'Romance']",PG-13
Mamma Mia!,2008,The story of a bride-to-be trying to find her real father told using hit songs by the popular 1970s group ABBA.,"Amanda Seyfried, Stellan Skarsgård, Pierce Brosnan, Nancy Baldwin",Phyllida Lloyd,"['Comedy', 'Musical', 'Romance']",PG-13
"Hail, Caesar!",2016,"When a Hollywood star mysteriously disappears in the middle of filming, the studio sends their fixer to get him back.","Josh Brolin, George Clooney, Alden Ehrenreich, Ralph Fiennes","Joel Coen, Ethan Coen","['Comedy', 'Drama', 'Mystery']",PG-13
Ferris Bueller's Day Off,1986,A charismatic high-school student convinces his repressed best friend to play hooky with him and his girlfriend and attempts to bring the young man out of his shell during a memorable day in Chicago.,"Matthew Broderick, Alan Ruck, Mia Sara, Jeffrey Jones",John Hughes,['Comedy'],PG-13
Bridesmaids,2011,This lighthearted comedy from director Paul Feig follows a devoted maid of honor who struggles to put her financial and romantic woes aside as she attempts to plan the perfect wedding for her best friend.,"Kristen Wiig, Maya Rudolph, Rose Byrne, Wendi McLendon-Covey",Paul Feig,['Comedy'],R
The Nice Guys,2016,A private eye investigates the apparent suicide of a fading porn star in 1970s Los Angeles and uncovers a conspiracy.,"Russell Crowe, Ryan Gosling, Angourie Rice, Matt Bomer",Shane Black,"['Action', 'Comedy', 'Crime', 'Thriller']",R
The Birdcage,1996,A flamboyantly gay couple pretend to be straight in order to impress the parents of the woman their son wants to marry because the girl's father is a rabidly right-wing U.S. Senator.,"Robin Williams, Nathan Lane, Dan Futterman, Gene Hackman",Mike Nichols,['Comedy'],R
The Princess Diaries 2: Royal Engagement,2004,"Princess Mia Thermopolis (Anne Hathaway) has just turned 21 and is supposed to succeed her grandmother as the Queen of Genovia. But Viscount Mabrey (John Rhys-Davies), who wants his nephew, who is also in line to the throne, to be the new ruler, reminds everyone of a law that states that an unmarried woman can't be made Queen, and with the backing of Parliament, he opposes Mia's coronation. Queen Clarisse Renaldi (Dame Julie Andrews) asks that Mia be allowed time to find a husband, and she is given 30 days, but Mabrey tries to do what he can to stop that: his nephew, Nicholas Devereaux (Chris Pine) has met Mia and they are attracted to each other, but Mia, upon learning who he is, dislikes and distrusts him, but Queen Clarisse has invited him to stay with them for the 30-day period to keep an eye on him.","Anne Hathaway, Julie Andrews, Hector Elizondo, John Rhys-Davies",Garry Marshall,"['Comedy', 'Family', 'Romance']",G
Coco,2017,"Despite his family’s baffling generations-old ban on music, Miguel dreams of becoming an accomplished musician like his idol, Ernesto de la Cruz. Desperate to prove his talent, Miguel finds himself in the stunning and colorful Land of the Dead following a mysterious chain of events. Along the way, he meets charming trickster Hector, and together, they set off on an extraordinary journey to unlock the real story behind Miguel's family history.","Anthony Gonzalez, Gael García Bernal, Benjamin Bratt, Alanna Ubach",Lee Unkrich,"['Animation', 'Adventure', 'Drama']",PG
The Hurt Locker,2009,"An intense portrayal of elite soldiers who have one of the most dangerous jobs in the world: disarming bombs in the heat of combat. When a new sergeant, James, takes over a highly trained bomb disposal team amidst violent conflict, he surprises his two subordinates, Sanborn and Eldridge, by recklessly plunging them into a deadly game of urban combat, behaving as if he's indifferent to death. As the men struggle to control their wild new leader, the city explodes into chaos, and James' true character reveals itself in a way that will change each man forever.","Jeremy Renner, Anthony Mackie, Brian Geraghty, Guy Pearce",Kathryn Bigelow,"['Drama', 'Thriller', 'War']",R
12 Strong,2018,"The True Story of the Army's Special Forces ""Green Berets"", who within weeks responded to the 9-11 attack. Green Berets, with the help of the 160th SOAR(A), took over the country and allowed other Special Forces and the rest of the conventional military to begin the more publicly visible war.","Chris Hemsworth, Michael Shannon, Michael Peña, Navid Negahban",Nicolai Fuglsig,"['Action', 'Drama', 'History', 'War']",R
Hacksaw Ridge,2016,"World War II American Army Medic Desmond T. Doss, who served during the Battle of Okinawa, refuses to kill people and becomes the first man in American history to receive the Medal of Honor without firing a shot.","Andrew Garfield, Richard Pyros, Jacob Warner, Milo Gibson",Mel Gibson,"['Biography', 'Drama', 'History', 'War']",R
Fury,2014,"In April 1945, as the Allies make their final push in the European Theater, a battle-hardened Army sergeant named Wardaddy commands a five-man Sherman tank crew on a deadly mission behind enemy lines. Outnumbered, out-gunned, and with a rookie soldier thrust into their platoon, Wardaddy and his men face overwhelming odds in their heroic attempts to defend a field hospital from Waffen SS troops.","Brad Pitt, Shia LaBeouf, Logan Lerman, Michael Peña",David Ayer,"['Action', 'Drama', 'War']",R
Apollo 13,1995,NASA must devise a strategy to return Apollo 13 to Earth safely after the spacecraft undergoes massive internal damage putting the lives of the three astronauts on board in jeopardy.,"Tom Hanks, Bill Paxton, Kevin Bacon, Gary Sinise",Ron Howard,"['Adventure', 'Drama', 'History']",PG
Battle of the Sexes,2017,The true story of the 1973 tennis match between World number one Billie Jean King and ex-champ and serial hustler Bobby Riggs.,"Emma Stone, Steve Carell, Andrea Riseborough, Sarah Silverman",Jonathan Dayton,"['Biography', 'Comedy', 'Drama', 'History', 'Sport']",PG-13
Good Will Hunting,1997,"Costars and co-writers Matt Damon and Ben Affleck won an Oscar for their tale of a charismatic genius (Damon) who lands in jail after a playground brawl. His hope for the future lies with a sympathetic therapist (Best Supporting Actor Robin Williams), who understands the young man's rebellious nature. Minnie Driver, Stellan Skarsgard, Casey Affleck.","Matt Damon, Robin Williams, Ben Affleck, Minnie Driver",Gus Van Sant,"['Drama', 'Romance']",R
The Imitation Game,2014,"Based on the real life story of legendary cryptanalyst Alan Turing, the film portrays the nail-biting race against time by Turing and his brilliant team of code-breakers at Britain's top-secret Government Code and Cypher School at Bletchley Park, during the darkest days of World War II.","Benedict Cumberbatch, Keira Knightley, Matthew Goode, Rory Kinnear",Morten Tyldum,"['Biography', 'Drama', 'Thriller', 'War']",PG-13
Call Me By Your Name,2017,"In 1980s Italy, a relationship begins between seventeen-year-old teenage Elio and the older adult man hired as his father's research assistant.","Armie Hammer, Timothée Chalamet, Michael Stuhlbarg, Amira Casar",Luca Guadagnino,"['Drama', 'Romance']",R
The Twilight Saga: Eclipse,2010,"Bella once again finds herself surrounded by danger as Seattle is ravaged by a string of mysterious killings and a malicious vampire continues her quest for revenge. In the midst of it all, she is forced to choose between her love for Edward and her friendship with Jacob, knowing that her decision has the potential to ignite the ageless struggle between vampire and werewolf. With her graduation quickly approaching, Bella is confronted with the most important decision of her life.","Robert Pattinson, Kristen Stewart, Taylor Lautner, Ashley Greene",David Slade,"['Action', 'Adventure', 'Drama', 'Fantasy', 'Mystery', 'Romance', 'Thriller']",PG-13
The Twilight Saga: Breaking Dawn - Part 1,2011,The new found married bliss of Bella Swan and vampire Edward Cullen is cut short when a series of betrayals and misfortunes threatens to destroy their world.,"Robert Pattinson, Kristen Stewart, Taylor Lautner, Ashley Greene",Bill Condon,"['Adventure', 'Drama', 'Fantasy', 'Romance', 'Thriller']",PG-13
The Twilight Saga: New Moon,2009,"Forks, Washington resident Bella Swan is reeling from the departure of her vampire love, Edward Cullen, and finds comfort in her friendship with Jacob Black, a werewolf. But before she knows it, she's thrust into a centuries-old conflict, and her desire to be with Edward at any cost leads her to take greater and greater risks.","Robert Pattinson, Kristen Stewart, Taylor Lautner, Billy Burke",Chris Weitz,"['Adventure', 'Drama', 'Fantasy', 'Romance']",PG-13
The Twilight Saga: Breaking Dawn - Part 2,2012,"After the birth of Renesmee, the Cullens gather other vampire clans in order to protect the child from a false allegation that puts the family in front of the Volturi.","Robert Pattinson, Kristen Stewart, Taylor Lautner, Peter Facinelli",Bill Condon,"['Adventure', 'Drama', 'Fantasy', 'Romance']",PG-13
Twilight,2008,"When Bella Swan moves to a small town in the Pacific Northwest, she falls in love with Edward Cullen, a mysterious classmate who reveals himself to be a 108-year-old vampire. Despite Edward's repeated cautions, Bella can't stay away from him, a fatal move that endangers her own life.","Robert Pattinson, Kristen Stewart, Billy Burke, Taylor Lautner",Catherine Hardwicke,"['Drama', 'Fantasy', 'Romance']",PG-13
Top Gun: Maverick,2022,"After more than thirty years of service as one of the Navy's top aviators, Pete ""Maverick"" Mitchell is where he belongs, pushing the envelope as a courageous test pilot and dodging the advancement in rank that would ground him. When he finds himself training a detachment of Top Gun graduates for a specialized mission, Maverick encounters Lt. Bradley Bradshaw, call sign: ""Rooster,"" the son of Maverick's late friend and Radar Intercept Officer Lt. Nick Bradshaw, aka ""Goose.""","Tom Cruise, Miles Teller, Jennifer Connelly, Jon Hamm",Joseph Kosinski,"['Action', 'Drama']",PG-13
Top Gun,1986,A maverick Navy fighter pilot (Tom Cruise) romances his instructor (Kelly McGillis) in an elite training program. Goose: Anthony Edwards. Iceman: Val Kilmer. Viper: Tom Skerritt. Jester: Michael Ironside. Carole: Meg Ryan. Merlin: Tim Robbins. Tony Scott directed.,"Tom Cruise, Kelly McGillis, Val Kilmer, Anthony Edwards",Tony Scott,"['Action', 'Drama']",PG
The Hunger Games: Catching Fire,2013,"In this stunning sci-fi sequel, Katniss and Peeta tour Panem and sense growing unrest as they prepare to participate in the 75th Hunger Games. Meanwhile, President Snow plots their downfall during preparations for the Quarter Quell, which only occurs every 25 years in celebration of the Capitol's victory over the districts.","Jennifer Lawrence, Josh Hutcherson, Liam Hemsworth, Woody Harrelson",Francis Lawrence,"['Action', 'Adventure', 'Sci-Fi', 'Thriller']",PG-13
The Hunger Games: Mockingjay - Part 2,2015,"In the fourth and final installment of the electrifying ""Hunger Games"" saga, Katniss and her allies face their biggest challenge yet as the uprising sets its sights on revenge against President Snow during its siege of the Capitol. Meanwhile, Katniss must also deal with her brainwashed ex-lover and tensions with her current beau.","Jennifer Lawrence, Josh Hutcherson, Liam Hemsworth, Woody Harrelson",Francis Lawrence,"['Action', 'Adventure', 'Sci-Fi', 'Thriller']",PG-13
The Hunger Games: Mockingjay - Part 1,2014,"Katniss ends up in District 13 following the Quarter Quell, and sets out to save Peeta while forging a fragile alliance with President Coin in this exciting sequel. Meanwhile, Katniss' courage becomes a source of inspiration to the downtrodden masses.","Jennifer Lawrence, Josh Hutcherson, Liam Hemsworth, Woody Harrelson",Francis Lawrence,"['Action', 'Adventure', 'Sci-Fi', 'Thriller']",PG-13
Shrek,2001,"Mike Myers, Eddie Murphy and Cameron Diaz lend their voices to this outrageously funny comedy with dazzling computer animation. It's a fractured fairy tale about an ogre who falls in love with a princess. It's also a clever and sophisticated spoof of children's stories and all things Disney. John Lithgow.","Mike Myers, Eddie Murphy, Cameron Diaz, John Lithgow","Vicky Jenson, Andrew Adamson","['Animation', 'Adventure', 'Comedy', 'Family', 'Fantasy', 'Romance']",PG
Shrek the Third,2007,"Reluctantly designated as the heir to the land of Far, Far Away, Shrek hatches a plan to install the rebellious Artie as the new king while Princess Fiona tries to fend off a coup d'état by the jilted Prince Charming.","Mike Myers, Eddie Murphy, Cameron Diaz, Antonio Banderas","Chris Miller, Raman Hui","['Animation', 'Adventure', 'Comedy', 'Family', 'Fantasy', 'Romance']",PG
Sonic The Hedgehog,2020,"Based on the global blockbuster videogame franchise from Sega, Sonic the Hedgehog tells the story of the world’s speediest hedgehog as he embraces his new home on Earth. In this live-action adventure comedy, Sonic and his new best friend team up to defend the planet from the evil genius Dr. Robotnik and his plans for world domination.","Ben Schwartz, James Marsden, Jim Carrey, Tika Sumpter",Jeff Fowler,"['Action', 'Adventure', 'Comedy', 'Family', 'Fantasy', 'Sci-Fi']",PG
August Rush,2007,An orphaned musical prodigy uses his gift as a clue to finding his birth parents.,"Freddie Highmore, Keri Russell, Jonathan Rhys Meyers, Terrence Howard",Kirsten Sheridan,"['Drama', 'Music']",PG
Nanny McPhee,2006,"1860s Victorian England. Sadly, the widowed undertaker, Cedric Brown, has a lot on his plate. As the desperate father works his fingers to the bone to provide for his seven unruly children, in the meantime, they have managed to drive out not one but seventeen nannies with their elaborate practical jokes and bad behaviour. Then, on a stormy night, the hideous government nanny extraordinaire, Nanny McPhee, sets foot in Cedric's household, bent on transforming the children's manners and the house. Will a dash of magic do the trick?","Emma Thompson, Colin Firth, Kelly Macdonald, Thomas Brodie-Sangster",Kirk Jones,"['Comedy', 'Family', 'Fantasy']",PG
How To Train Your Dragon,2010,"As the son of a Viking leader on the cusp of manhood, shy Hiccup Horrendous Haddock III faces a rite of passage: he must kill a dragon to prove his warrior mettle. But after downing a feared dragon, he realizes that he no longer wants to destroy it, and instead befriends the beast – which he names Toothless – much to the chagrin of his warrior father","Jay Baruchel, Gerard Butler, Craig Ferguson, America Ferrera",Chris Sanders,"['Animation', 'Action', 'Adventure']",PG
Brother Bear,2003,"Disney presents Brother Bear, an epic adventure full of comedy, heart and great songs. When an impulsive boy named Kenai is magically transformed into a bear, he must literally walk in another's footsteps until he learns some valuable life lessons.","Joaquin Phoenix, Jeremy Suarez, Jason Raize, Rick Moranis","Aaron Blaise, Robert Walker","['Animation', 'Adventure', 'Comedy', 'Drama', 'Family', 'Fantasy', 'Musical']",G
Storks,2016,"Storks deliver babies…or at least they used to. Now they deliver packages for a global internet retail giant. Junior, the company’s top delivery stork, is about to be promoted when he accidentally activates the Baby Making Machine, producing an adorable and wholly unauthorized baby girl...","Andy Samberg, Katie Crown, Kelsey Grammer, Keegan-Michael Key",Doug Sweetland,"['Animation', 'Adventure', 'Comedy']",PG
Casper,1995,An afterlife therapist and his daughter meet a friendly young ghost when they move into a crumbling mansion in order to rid the premises of wicked spirits.,"Chauncey Leopardi, Spencer Vrooman, Malachi Pearson, Cathy Moriarty",Brad Silberling,"['Comedy', 'Family', 'Fantasy']",PG
Hotel Transylvania,2012,This uproarious animated comedy follows the high jinks that ensue when an ordinary human unwittingly checks in at the Hotel Transylvania during the same time Dracula is busy hosting a monsters-only birthday party for his daughter.,"Adam Sandler, Andy Samberg, Selena Gomez, Kevin James",Genndy Tartakovsky,"['Animation', 'Adventure', 'Comedy']",PG
Space Jam: A New Legacy,2021,"A rogue artificial intelligence kidnaps the son of famed basketball player LeBron James, who then has to work with Bugs Bunny to win a basketball game.","LeBron James, Don Cheadle, Khris Davis, Sonequa Martin-Green",Malcolm D. Lee,"['Animation', 'Adventure', 'Comedy', 'Family', 'Fantasy', 'Sci-Fi', 'Sport']",PG
Matilda,1996,An extraordinarily intelligent young girl from a cruel and uncaring family discovers she possesses telekinetic powers and is sent off to a school headed by a tyrannical principal.,"Mara Wilson, Danny DeVito, Rhea Perlman, Embeth Davidtz",Danny DeVito,"['Comedy', 'Family', 'Fantasy']",PG
Nacho Libre,2006,"Nacho Libre is loosely based on the story of Fray Tormenta (""Friar Storm""), aka Rev. Sergio Gutierrez Benitez, a real-life Mexican Catholic priest who had a 23-year career as a masked luchador. He competed in order to support the orphanage he directed.","Jack Black, Ana de la Reguera, Héctor Jiménez, Darius Rose",Jared Hess,"['Comedy', 'Family', 'Sport']",PG
Up,2009,"Carl Fredricksen spent his entire life dreaming of exploring the globe and experiencing life to its fullest. But at age 78, life seems to have passed him by, until a twist of fate (and a persistent 8-year old Wilderness Explorer named Russell) gives him a new lease on life.","Edward Asner, Christopher Plummer, Jordan Nagai, Bob Peterson",Pete Docter,"['Animation', 'Adventure', 'Comedy']",PG
Encanto,2021,"Deep in the Colombian mountains, the Madrigal family possesses an extraordinary secret. Each member of the family is able to perform magic. Yet at the heart of the family is 15-year-old Mirabel, who does not seem to possess any unusual abilities. Faced with this harsh reality, Mirabel struggles to reconcile her place within her family while searching for who she truly is.","Stephanie Beatriz, Diane Guerrero, Wilmer Valderrama, Stephanie Beatriz","Byron Howard, Jared Bush","['Animation', 'Comedy', 'Family']",PG
Charlie and the Chocolate Factory,2005,"A young boy wins a tour through the most magnificent chocolate factory in the world, led by the world's most unusual candy maker.","Johnny Depp, Freddie Highmore, David Kelly, Helena Bonham Carter",Tim Burton,"['Adventure', 'Comedy', 'Family']",PG
Finding Nemo,2003,"Best Animated Feature about a clown fish who teams up with a ditzy blue tang to search for his missing son. This witty, sweet and beautifully animated undersea adventure was produced by Disney and Pixar Studios, which also released ""Monsters, Inc.""","Albert Brooks, Ellen DeGeneres, Alexander Gould, Willem Dafoe","Andrew Stanton, Lee Unkrich","['Animation', 'Adventure', 'Comedy']",G
The Game Plan,2007,"Joe Kingman is a huge football star. He's got women, money, and a good career. Everything is perfect for him. Then one day an 8-year-old girl named Peyton shows up at his door and says that she's his daughter from a previous relationship. Once he has proof that she is telling the truth, he tries but fails miserably at ""parenting"". From problems such as his super speedy car with no back seat, to leaving her at a bar at 3am, he's got a lot to deal with. Eventually though, she gets him, (and his football team) wrapped around her finger. When she has a near-death experience and Joe finds out that her mother, Susan, died early that year, he wants her to move in with him. But her Aunt Stella disagrees and takes her home. Joe has to play the game of his life and when he's injured and things don't look good for him, Peyton comes out and gets him right back on the field.","Dwayne Johnson, Madison Pettis, Kyra Sedgwick, Roselyn Sanchez",Andy Fickman,"['Comedy', 'Family', 'Sport']",PG
A Cinderella Story,2004,"Samantha Montgomery (Hilary Duff) or ""Sam"", has a rough childhood with her father dying in an earthquake and a new stepmother with two awful daughters. But on the bright side, Sam has an awesome best friend named Carter (Dan Byrd) and an e-mail relationship with a guy named Nomad. One day, Sam gets an e-mail from her Nomad saying that he wants to meet her in the middle of the dance floor at their high school Halloween dance. She accepts the invitation and glides into the room wearing the best outfit ever. Her Nomad takes her outside where they share a romantic dance together and Sam realizes that her e-mail friend is the most popular guy in school, Austin Ames (Chad Michael Murray). She runs back to her stepmother's diner before she knows she went to the dance and drops her phone on the way. Austin finds it and starts a search for his Cinderella.","Hilary Duff, Jennifer Coolidge, Chad Michael Murray, Dan Byrd",Mark Rosman,"['Comedy', 'Family', 'Romance']",PG
Save the Last Dance,2001,"Sara wants to be a dancer, but her dreams are cut short by the sudden death of her mother. She moves in with her father, who she has not seen for a long time. He lives on the other side of town, in a predominantly Black neighborhood. She gets transferred to a new school where she is one of the few White students there. She becomes friends with Chenille, and later, falls in love with Chenille's brother, Derek.","Julia Stiles, Sean Patrick Thomas, Kerry Washington, Fredro Starr",Thomas Carter,"['Drama', 'Music', 'Romance']",PG-13
He's Just Not That Into You,2009,"Remember that really cute girl/guy who said they'd call – and didn't? Maybe they lost your number. Maybe they're in the hospital. Maybe they're awed by your looks, brains or success. Or maybe... They're just not that into you.","Jennifer Aniston, Drew Barrymore, Jennifer Connelly, Scarlett Johansson",Ken Kwapis,"['Comedy', 'Drama', 'Romance']",PG-13
The Wedding Singer,1998,"Robbie, a local rock star turned wedding singer, is dumped on the day of his wedding. Meanwhile, waitress Julia finally sets a wedding date with her fiancée Glenn. When Julia and Robbie meet and hit it off, they find that things are more complicated than anybody thought.","Adam Sandler, Drew Barrymore, Christine Taylor, Allen Covert",Frank Coraci,"['Comedy', 'Music', 'Romance']",PG-13
Warm Bodies,2013,"After a zombie becomes involved with the girlfriend of one of his victims, their romance sets in motion a sequence of events that might transform the entire lifeless world.","Nicholas Hoult, Teresa Palmer, Lio Tipton, John Malkovich",Jonathan Levine,"['Comedy', 'Horror', 'Romance']",PG-13
My Best Friend's Wedding,1997,"A strong cast and witty script recommend this delightful romantic comedy about a woman (Julia Roberts) and her best pal Michael (Dermot Mulroney). When he gets engaged, she decides that she wants him for herself and plots to sabotage his nuptials. Cameron Diaz, Rupert Everett.","Julia Roberts, Dermot Mulroney, Cameron Diaz, Rupert Everett",P.J. Hogan,"['Comedy', 'Drama', 'Romance']",PG-13
Spider-Man: Into The Spider-Verse,2018,"After a bite from a radioactive spider, Miles Morales becomes the one and only Spider-Man. When a dimensional gateway opens up, Miles soon realizes he isn't the only spider superhero as he meets many different versions of spiderman from other universes, including the original Peter Parker.","Jake Johnson, Shameik Moore, Brian Tyree Henry, Hailee Steinfeld","Peter Ramsey, Rodney Rothman, Bob Persichetti","['Animation', 'Action', 'Adventure']",PG
Man Of Steel,2013,"A young boy learns that he has extraordinary powers and is not of this earth. As a young man, he journeys to discover where he came from and what he was sent here to do. But the hero in him must emerge if he is to save the world from annihilation and become the symbol of hope for all mankind.","Henry Cavill, Amy Adams, Michael Shannon, Kevin Costner",Zack Snyder,"['Action', 'Adventure', 'Sci-Fi']",PG-13
Arrival,2016,"Alien spacecraft plant themselves at various locations around the globe in this riveting science-fiction film, forcing a linguist and a theoretical physicist to find a way to communicate with the mysterious visitors in order to learn what they want.","Amy Adams, Jeremy Renner, Forest Whitaker, Michael Stuhlbarg",Denis Villeneuve,"['Drama', 'Mystery', 'Sci-Fi']",PG-13
2001: A Space Odyssey,1968,"Humanity finds a mysterious object buried beneath the lunar surface and sets off to find its origins with the help of HAL 9000, the world's most advanced super computer.","Keir Dullea, Gary Lockwood, William Sylvester, Douglas Rain",Stanley Kubrick,"['Adventure', 'Sci-Fi']",G
Passengers,2016,"In this riveting sci-fi romance, two passengers aboard a spacecraft traveling to a distant planet are brought out of suspended animation by a technical glitch—90 years before the vessel is due to reach its destination. Together, they must investigate the malfunction that awakened them, which could threaten the safety of the ship.","Jennifer Lawrence, Chris Pratt, Michael Sheen, Laurence Fishburne",Morten Tyldum,"['Drama', 'Romance', 'Sci-Fi', 'Thriller']",R
The Fifth Element,1997,"In 2257, a taxi driver is unintentionally given the task of saving a young girl who is part of the key that will ensure the survival of humanity.","Bruce Willis, Milla Jovovich, Gary Oldman, Ian Holm",Luc Besson,"['Action', 'Adventure', 'Sci-Fi']",PG-13
Minority Report,2002,"In a future where a special police unit is able to arrest murderers before they commit their crimes, an officer from that unit is himself accused of a future murder.","Tom Cruise, Max von Sydow, Steve Harris, Neal McDonough",Steven Spielberg,"['Action', 'Crime', 'Mystery', 'Sci-Fi', 'Thriller']",PG-13
A League of Their Own,1992,"A look at the first women's professional baseball league is set during World War II and focuses on the rivalry between sisters, one a sweet-swinging catcher and the other a pouty, impulsive pitcher, who play on the same team, which is managed by a washed-up, hard-drinking ex-Major Leaguer.","Tom Hanks, Geena Davis, Lori Petty, Madonna",Penny Marshall,"['Comedy', 'Drama', 'Sport']",PG
Just Go with It,2011,"On a weekend trip to Hawaii, a plastic surgeon convinces his loyal assistant to pose as his soon-to-be-divorced wife in order to cover up a careless lie he told to his much-younger girlfriend.","Adam Sandler, Jennifer Aniston, Nicole Kidman, Nick Swardson",Dennis Dugan,"['Comedy', 'Romance']",PG-13
Anchorman: The Legend of Ron Burgundy,2004,"Will Ferrell is a barrel of laughs as callow, sexist Ron Burgundy, a TV anchor in 1970s San Diego who's aghast when he's teamed with an ambitious female reporter behind the news desk.","Will Ferrell, Christina Applegate, Paul Rudd, Steve Carell",Adam McKay,['Comedy'],PG-13
Anchorman 2: The Legend Continues,2014,"With the 70s behind him, San Diego's top rated newsman, Ron Burgundy, returns to take New York's first 24-hour news channel by storm.","Will Ferrell, Steve Carell, Paul Rudd, David Koechner",Adam McKay,['Comedy'],PG-13
Guess Who's Coming to Dinner,1967,"In Spencer Tracy and Katharine Hepburn's final screen pairing (their ninth), they play an affluent couple whose liberal views are put to the test when their daughter brings home her fiancé, and he turns out to be a black doctor.","Katharine Houghton, Sidney Poitier, Katharine Hepburn, Spencer Tracy",Stanley Kramer,"['Comedy', 'Drama']",TVPG
Raya and the Last Dragon,2021,"Kumandra is a place where humans and dragons peacefully coexist. When sinister monsters called the Druun threaten the community, however, the dragons readily make a sacrifice to save the human race. Hundreds of years later, the same threat returns. It is up to Raya, a lone warrior, to stop them once and for all. She tracks down the last dragon alive. But as she embarks on her journey, she realizes that it will take more than a dragon and its magic to save her world.","Kelly Marie Tran, Awkwafina, Izaac Wang, Gemma Chan","Don Hall, Carlos López Estrada","['Animation', 'Action', 'Adventure']",PG
Zootopia,2016,"Determined to prove herself, Officer Judy Hopps, the first bunny on Zootopia's police force, jumps at the chance to crack her first case - even if it means partnering with scam-artist fox Nick Wilde to solve the mystery.","Ginnifer Goodwin, Jason Bateman, Idris Elba, Jenny Slate",Byron Howard,"['Animation', 'Adventure', 'Comedy', 'Crime', 'Family']",PG
Selena,1997,"Jennifer Lopez sizzles in this biography of Tejano music sensation Selena Quintanilla Perez (1971-95), beginning with the height of her fame and tracing back in time through her multicultural background in Texas and her music-rich upbringing under her father's guidance. Edward James Olmos, Jon Seda, Constance Marie, Jacob Vargas, Jackie Guerra, Rebecca Lee Meza, Lupe Ontiveros.","Jennifer Lopez, Edward James Olmos, Constance Marie, Jon Seda",Gregory Nava,"['Biography', 'Drama', 'Music']",PG
Soul Surfer,2011,"The true story of teen surfer Bethany Hamilton, who lost her arm in a shark attack and courageously overcame all odds to become a champion again, through her sheer determination and unwavering faith.","AnnaSophia Robb, Helen Hunt, Dennis Quaid, Carrie Underwood",Sean McNamara,"['Biography', 'Drama', 'Family', 'Sport']",PG
The Joy Luck Club,1994,"Adaptation of Amy Tan's bestseller about four immigrant Chinese women and their American-born daughters. The story begins in San Francisco, where three of the women have gathered to bid farewell to their deceased friend's daughter, who's departing for China to meet her long-lost half sisters.","Ming-Na Wen, Lauren Tom, Tamlyn Tomita, Rosalind Chao",Wayne Wang,['Drama'],R
Frida,2002,"Salma Hayek's Oscar-nominated performance drives this fascinating biopic about Mexican surrealist Frida Kahlo and her fiery marriage to fellow painter Diego Rivera (Alfred Molina). The imaginative film also chronicles her political activism and the bus accident that left her in pain for the rest of her life. Geoffrey Rush, Ashley Judd, Antonio Banderas, Edward Norton.","Salma Hayek, Alfred Molina, Mía Maestro, Patricia Reyes Spíndola",Julie Taymor,"['Biography', 'Drama', 'Romance']",R
Glory,1989,"Robert Gould Shaw leads the US Civil War's first all-black volunteer company, fighting prejudices of both his own Union army and the Confederates.","Matthew Broderick, Denzel Washington, Cary Elwes, Morgan Freeman",Edward Zwick,"['Biography', 'Drama', 'History', 'War']",R
The Hate U Give,2018,"Raised in a poverty-stricken slum, a 16-year-old girl named Starr now attends a suburban prep school. After she witnesses a police officer shoot her unarmed best friend, she's torn between her two very different worlds as she tries to speak her truth.","Amandla Stenberg, Regina Hall, Russell Hornsby, K.J. Apa",George Tillman,"['Crime', 'Drama']",PG-13
The Defiant Ones,1958,"Two prisoners, one black and one white, must work together as they make a desperate bid for freedom while being manacled to each other after they escape from a chain gang in the Deep South. An Oscar winner for the screenplay, and stars Sidney Poitier and Tony Curtis were both nominated for Best Actor.","Tony Curtis, Sidney Poitier, Theodore Bikel, Charles McGraw",Stanley Kramer,"['Crime', 'Drama']",TVPG
The Learning Tree,1969,"Gordon Parks' adaptation of his own novel about a black teenager living in 1920s Kansas. After witnessing a murder, he must decide if he should come forward to clear the man being framed for the crime.","Kyle Johnson, Alex Clarke, Estelle Evans, Dana Elcar",Gordon Parks,['Drama'],TV14
Race,2016,"Based on the story of Jesse Owens, the athlete whose quest to become the greatest track and field athlete in history thrusts him onto the world stage of the 1936 Olympics, where he faces off against Adolf Hitler's vision of Aryan supremacy.","Stephan James, Jason Sudeikis, Carice van Houten, Jeremy Irons",Stephen Hopkins,"['Biography', 'Drama', 'Sport']",PG-13
12 Years a Slave,2013,"The harrowing true story of Solomon Northup, a free black man in 1800s New York who was kidnapped and forced into slavery on a plantation near New Orleans. Later, he fights for his freedom with the help of a Canadian abolitionist.","Chiwetel Ejiofor, Michael Fassbender, Benedict Cumberbatch, Paul Giamatti",Steve McQueen,"['Biography', 'Drama', 'History']",R
Little Women,2019,Four sisters come of age in America in the aftermath of the Civil War.,"Saoirse Ronan, Florence Pugh, Emma Watson, Eliza Scanlen",Greta Gerwig,"['Drama', 'Romance']",PG
Amistad,1997,"In 1839, the slave ship Amistad set sail from Cuba to America. During the long trip, Cinque leads the slaves in an unprecedented uprising. They are then held prisoner in Connecticut, and their release becomes the subject of heated debate. Freed slave Theodore Joadson wants Cinque and the others exonerated and recruits property lawyer Roger Baldwin to help his case. Eventually, John Quincy Adams also becomes an ally.","Morgan Freeman, Nigel Hawthorne, Anthony Hopkins, Djimon Hounsou",Steven Spielberg,"['Biography', 'Drama', 'History']",R
42,2013,"The powerful story of Jackie Robinson, the legendary baseball player who broke Major League Baseball’s color barrier when he joined the roster of the Brooklyn Dodgers. The film follows the innovative Dodgers’ general manager Branch Rickey, the MLB executive who first signed Robinson to the minors and then helped to bring him up to the show.","Chadwick Boseman, Harrison Ford, Nicole Beharie, Christopher Meloni",Brian Helgeland,"['Biography', 'Drama', 'Sport']",PG-13
Harry Potter And The Deathly Hallows - Part 1,2010,"Harry, Ron and Hermione walk away from their last year at Hogwarts to find and destroy the remaining Horcruxes, putting an end to Voldemort's bid for immortality. But with Harry's beloved Dumbledore dead and Voldemort's unscrupulous Death Eaters on the loose, the world is more dangerous than ever.","Daniel Radcliffe, Emma Watson, Rupert Grint, Alan Rickman",David Yates,"['Adventure', 'Family', 'Fantasy']",PG-13
Harry Potter And The Goblet Of Fire,2005,"Harry starts his fourth year at Hogwarts, competes in the treacherous Triwizard Tournament and faces the evil Lord Voldemort. Ron and Hermione help Harry manage the pressure – but Voldemort lurks, awaiting his chance to destroy Harry and all that he stands for.","Daniel Radcliffe, Rupert Grint, Emma Watson, Ralph Fiennes",Mike Newell,"['Adventure', 'Family', 'Fantasy']",PG-13
Harry Potter And The Chamber Of Secrets,2002,"Cars fly, trees fight back, and a mysterious house-elf comes to warn Harry Potter at the start of his second year at Hogwarts. Adventure and danger await when bloody writing on a wall announces: The Chamber Of Secrets Has Been Opened. To save Hogwarts will require all of Harry, Ron and Hermione’s magical abilities and courage.","Daniel Radcliffe, Rupert Grint, Emma Watson, Richard Harris",Chris Columbus,"['Adventure', 'Family', 'Fantasy']",PG
Harry Potter And The Order Of The Phoenix,2007,"Returning for his fifth year of study at Hogwarts, Harry is stunned to find that his warnings about the return of Lord Voldemort have been ignored. Left with no choice, Harry takes matters into his own hands, training a small group of students – dubbed 'Dumbledore's Army' – to defend themselves against the dark arts.","Daniel Radcliffe, Rupert Grint, Emma Watson, Michael Gambon",David Yates,"['Action', 'Adventure', 'Family']",PG-13
Harry Potter And The Half-Blood Prince,2009,"As Harry begins his sixth year at Hogwarts, he discovers an old book marked as 'Property of the Half-Blood Prince', and begins to learn more about Lord Voldemort's dark past.","Daniel Radcliffe, Rupert Grint, Emma Watson, Tom Felton",David Yates,"['Action', 'Adventure', 'Family']",PG
Harry Potter And The Prisoner Of Azkaban,2004,"Harry, Ron and Hermione return to Hogwarts for another magic-filled year. Harry comes face to face with danger yet again, this time in the form of escaped convict, Sirius Black—and turns to sympathetic Professor Lupin for help.","Daniel Radcliffe, Rupert Grint, Emma Watson, Gary Oldman",Alfonso Cuarón,"['Adventure', 'Family', 'Fantasy']",PG
Harry Potter And The Deathly Hallows - Part 2,2011,"Harry, Ron and Hermione continue their quest to vanquish the evil Voldemort once and for all. Just as things begin to look hopeless for the young wizards, Harry discovers a trio of magical objects that endow him with powers to rival Voldemort's formidable skills.","Daniel Radcliffe, Rupert Grint, Emma Watson, Alan Rickman",David Yates,"['Adventure', 'Family', 'Fantasy']",PG-13
Harry Potter And The Sorcerer's Stone,2001,This ripping adaptation of J.K. Rowling's kid-lit smash follows the adventures of a young orphan who enrolls at a boarding school for magicians called Hogwarts and unravels a mystery connected to a diabolical wizard who vanished years ago.,"Daniel Radcliffe, Emma Watson, Rupert Grint, Maggie Smith",Chris Columbus,"['Adventure', 'Family', 'Fantasy']",PG
Mission: Impossible - Fallout,2018,"After a mission goes wrong, Ethan Hunt and his IMF team are blamed and their loyalty is questioned. They attempt to fulfill their initial mission while also trying to outrun a ruthless CIA agent tasked with taking them out. As Hunt fends off these old and new threats, he also realizes allies within IMF might have other motives.","Tom Cruise, Henry Cavill, Ving Rhames, Simon Pegg",Christopher McQuarrie,"['Action', 'Adventure', 'Thriller']",PG-13
Mission: Impossible III,2006,"In the slick and stylish third installment in the ""Mission: Impossible"" series, retired superspy Ethan Hunt is called back into action to battle a ruthless arms dealer.","Tom Cruise, Philip Seymour Hoffman, Ving Rhames, Billy Crudup",J.J. Abrams,"['Action', 'Adventure', 'Thriller']",PG-13
Mission: Impossible,1996,"Secret agent Ethan Hunt (Tom Cruise) is framed for the deaths of his espionage team, and must flee government assassins to find the truth. This blockbuster film, inspired by the TV series, was shot on location in Europe. Jon Voight, Emmanuelle Beart, Henry Czerny, Jean Reno, Ving Rhames.","Tom Cruise, Jon Voight, Henry Czerny, Emmanuelle Béart",Brian De Palma,"['Action', 'Adventure', 'Thriller']",PG-13
Mission: Impossible - Rogue Nation,2013,"Ethan Hunt and his teammates reunite for this pulse-pounding sequel, in which they attempt to take down a secret international organization known as the Syndicate—highly skilled ex-IMF agents who are intent on bringing down their former outfit.","Tom Cruise, Jeremy Renner, Simon Pegg, Rebecca Ferguson",Christopher McQuarrie,"['Action', 'Adventure', 'Thriller']",PG-13
Mission: Impossible II,2000,"With computer genius Luther Stickell at his side and a beautiful thief on his mind, agent Ethan Hunt races across Australia and Spain to stop a former IMF agent from unleashing a genetically engineered biological weapon called Chimera. This mission, should Hunt choose to accept it, plunges him into the center of an international crisis of terrifying magnitude.","Tom Cruise, Dougray Scott, Thandiwe Newton, Ving Rhames",John Woo,"['Action', 'Adventure', 'Thriller']",PG-13
Mission: Impossible - Ghost Protocol,2011,"When the Kremlin is bombed and the blame falls on the Impossible Mission Force, Ethan Hunt (Tom Cruise) assembles a new team to uncover the truth by using every high-tech trick in the book in this white-knuckle sequel.","Tom Cruise, Paula Patton, Simon Pegg, Jeremy Renner",Brad Bird,"['Action', 'Adventure', 'Thriller']",PG-13
Puss in Boots,2011,Swashbuckling feline Puss in Boots (voice of Antonio Banderas) fights to save his town with the help of Kitty Softpaws (voice of Salma Hayek) and Humpty Dumpty (voice of Zach Galifianakis) in this sweeping animated adventure for the whole family.,"Antonio Banderas, Salma Hayek, Zach Galifianakis, Billy Bob Thornton",Chris Miller,"['Animation', 'Action', 'Adventure']",PG
Kung Fu Panda,2008,"When the Valley of Peace is threatened, lazy Po the panda discovers his destiny as the ""chosen one"" and trains to become a kung fu hero, but transforming the unsleek slacker into a brave warrior won't be easy. It's up to Master Shifu and the Furious Five -- Tigress, Crane, Mantis, Viper and Monkey -- to give it a try.","Jack Black, Dustin Hoffman, Angelina Jolie, Jackie Chan",Mark Osborne,"['Animation', 'Action', 'Adventure', 'Comedy', 'Family', 'Fantasy']",PG
Bee Movie,2007,"Honey of an animated comedy was co-written and co-produced by Jerry Seinfeld, who lends his voice to lead character Barry B. Benson. Barry's a worker bee who sets out from the hive to experience the outside world, where he bee-friends a human bee-ing, a florist named Vanessa Bloome (voice of Renee Zellweger). Other voices include Sting, Ray Liotta and Larry King as their cartoon selves, plus former ""Seinfeld"" cast mates Michael Richards and Patrick Warburton.","Jerry Seinfeld, Renée Zellweger, Jim Cummings, Matthew Broderick","Steve Hickner, Simon J. Smith","['Animation', 'Adventure', 'Comedy', 'Drama', 'Family']",PG
Madagascar,2005,"A group of animals who have spent all their life in a New York zoo end up in the jungles of Madagascar, and must adjust to living in the wild.","Ben Stiller, Chris Rock, David Schwimmer, Jada Pinkett Smith","Eric Darnell, Tom McGrath","['Animation', 'Adventure', 'Comedy', 'Family']",PG
The Kids Are Alright,2021,"When Ricardo, a responsible father, decides to personally take his son to a camp in Asturias, other parents propose that he should also take care of their children. When the train is about to leave, Felipe, a flamboyant individual and grandfather of two of the children, shows up at the station.","Santiago Segura, Leo Harlem, El Cejas, David Guapo",Santiago Segura,['Comedy'],G
Pan's Labyrinth,2006,"A chilling mix of war-ravaged reality and fairy-tale magic marks this phantasmagorical yarn, in which a girl in 1944 fascist Spain escapes her hellish surroundings and sadistic stepfather by completing a series of trials in an imaginative fantasy realm.","Ivana Baquero, Maribel Verdú, Sergi López, Doug Jones",Guillermo del Toro,"['Drama', 'Fantasy', 'War']",R
I Carry You With Me,2020,"An epic love story spanning decades is sparked by a chance encounter between two men in provincial Mexico. Based on a true story, ambition and societal pressure propel an aspiring chef to leave his soulmate and make the treacherous journey to New York, where life will never be the same.","Armando Espitia, Christian Vázquez, Michelle Rodríguez, Ángeles Cruz",Heidi Ewing,['Drama'],NR
El Plan Divino,2019,"Two altar boys that live in a small church in the middle of the jungle. They grew under the tutelage of Father Roberto, an elderly priest who was their mentor. Now, at the end of his life, they must protect and take care of him. Eustaquio pretends to be in command of the church and Heriberto only thinks about Maria, a beautiful young woman that barely pays attention to him. These young men face their frst existential crisis that leads them to launch a risky plan, a heavenly plan","Gastón Pauls, Víctor Laplace, Javier Lester, Paula Sartor",Víctor Laplace,['Spanish (Latin)'],NR
1976,2022,"Chile, 1976. Carmen heads off to her beach house to supervise its renovation. Her husband, children and grandchildren come back and forth during the winter vacation. When the family priest asks her to take care of a young man he is sheltering in secret, Carmen steps onto unexplored territories, away from the quiet life she is used to.","Aline Küppenheim, Alejandro Goic, Hugo Medina, Nicolás Sepúlveda",Manuela Martelli,['Drama'],NR
Capernaum,2018,"A 12-year-old Lebanese street boy decides to sue his parents for bringing him into the world. Born into urban squalor and a hard life on the streets of Beirut, and already serving a five-year sentence for murder, Zain's case against his parents reveals grim details about a home life that is far more troublesome that originally thought.","Fadi Kamel Youssef, Cedra Izam, Alaa Chouchnieh, Elias Khoury",Nadine Labaki,['Drama'],R
Say Anything...,1989,"An unlikely teen romance begins when an underachieving high-school graduate falls for a valedictorian, much to her disapproving father's dismay.","John Cusack, Ione Skye, John Mahoney, Lili Taylor",Cameron Crowe,"['Comedy', 'Drama', 'Romance']",PG-13
Groundhog Day,1993,"A narcissistic TV weatherman, along with his attractive-but-distant producer, and his mawkish cameraman, is sent to report on Groundhog Day in the small town of Punxsutawney, where he finds himself repeating the same day over and over.","Bill Murray, Andie MacDowell, Chris Elliott, Stephen Tobolowsky",Harold Ramis,"['Comedy', 'Drama', 'Fantasy', 'Romance']",PG
La La Land,2016,"In this wondrous musical, struggling actress Mia and aspiring jazz pianist Sebastian begin a whirlwind romance as they both pursue their dreams in L.A. However, their relationship is challenged when their careers pull them in different directions.","Ryan Gosling, Emma Stone, John Legend, Rosemarie DeWitt",Damien Chazelle,"['Comedy', 'Drama', 'Music']",PG-13
An Affair To Remember,1957,"A man and woman meet and fall in love while aboard an ocean liner en route to New York. They agree to meet at the top of the Empire State building in six months to resume their romance provided they've both ended their current respective relationships. Remake of the 1939 classic ""Love Affair.""","Cary Grant, Deborah Kerr, Richard Denning, Cathleen Nesbitt",Leo McCarey,"['Drama', 'Romance']",NR
500 Days Of Summer,2009,"Greeting-card copywriter Tom falls for his coworker Summer in this hilarious and highly unconventional romantic comedy. Tom is sure he's found his soul mate, but Summer claims not to believe in true love and is only interested in having some fun with Tom. The film moves forward and backward through various incidents in Tom and Summer's 500-day love affair.","Joseph Gordon-Levitt, Zooey Deschanel, Geoffrey Arend, Chloe Grace Moretz",Marc Webb,"['Comedy', 'Drama', 'Romance']",PG-13
Casablanca,1943,"Romance, World War II intrigue, a heroic American expatriate, a brave Czech freedom fighter, arrogant Nazis, patriotic Frenchmen, blackmail, black-marketeers and the usual suspects make this Best Picture even more an audience favorite as time goes by. Director Michael Curtiz scored an Oscar, as did the script.","Humphrey Bogart, Ingrid Bergman, Claude Rains, Paul Henreid",Michael Curtiz,"['Drama', 'Romance', 'War']",PG
Four Weddings and A Funeral,1994,"Over the course of five social occasions, a committed bachelor must consider the notion that he may have discovered love.","Hugh Grant, Andie MacDowell, James Fleet, Simon Callow",Mike Newell,"['Comedy', 'Drama', 'Romance']",R
A Star Is Born,2018,"Seasoned musician Jackson Maine discovers — and falls in love with — struggling artist Ally. She has just about given up on her dream to make it big as a singer — until Jack coaxes her into the spotlight. But even as Ally's career takes off, the personal side of their relationship is breaking down, as Jack fights an ongoing battle with his own internal demons.","Bradley Cooper, Lady Gaga, Sam Elliott, Andrew Dice Clay",Bradley Cooper,"['Drama', 'Music', 'Romance']",R
Hitch,2005,"Dating coach Alex 'Hitch' Hitchens mentors a bumbling client, Albert, who hopes to win the heart of the glamorous Allegra Cole. While Albert makes progress, Hitch faces his own romantic setbacks when proven techniques fail to work on Sara Melas, a tabloid reporter digging for dirt on Allegra Cole's love life. When Sara discovers Hitch's connection to Albert – now Allegra's boyfriend – it threatens to destroy both relationships.","Will Smith, Eva Mendes, Kevin James, Amber Valletta",Andy Tennant,"['Comedy', 'Romance']",PG-13
"Love, Simon",2018,Everyone deserves a great love story. But for seventeen-year old Simon Spier it's a little more complicated: he's yet to tell his family or friends he's gay and he doesn't know the identity of the anonymous classmate he's fallen for online.,"Nick Robinson, Jennifer Garner, Josh Duhamel, Katherine Langford",Greg Berlanti,"['Comedy', 'Drama']",PG-13
Me Before You,2016,"A small town girl is caught between dead-end jobs. A high-profile, successful man becomes wheelchair bound following an accident. The man decides his life is not worth living until the girl is hired for six months to be his new caretaker. Worlds apart and trapped together by circumstance, the two get off to a rocky start. But the girl becomes determined to prove to the man that life is worth living and as they embark on a series of adventures together, each finds their world changing in ways neither of them could begin to imagine.","Emilia Clarke, Sam Claflin, Janet McTeer, Charles Dance",Thea Sharrock,"['Drama', 'Romance']",PG-13
"Crazy, Stupid, Love.",2011,"Cal Weaver is living the American dream. He has a good job, a beautiful house, great children and a beautiful wife, named Emily. Cal's seemingly perfect life unravels, however, when he learns that Emily has been unfaithful and wants a divorce. Over 40 and suddenly single, Cal is adrift in the fickle world of dating. Enter, Jacob Palmer, a self-styled player who takes Cal under his wing and teaches him how to be a hit with the ladies.","Steve Carell, Julianne Moore, Emma Stone, Ryan Gosling",Glenn Ficarra,"['Comedy', 'Drama', 'Romance']",PG-13
Guardians Of The Galaxy Vol. 2,2017,The Guardians must fight to keep their newfound family together as they unravel the mysteries of Peter Quill's true parentage.,"Chris Pratt, Zoe Saldana, Dave Bautista, Vin Diesel",James Gunn,"['Action', 'Adventure', 'Comedy']",PG-13
Shang-Chi and the Legend of the Ten Rings,2021,"Shang-Chi must confront his father, leader of the Ten Rings organization.","Simu Liu, Tony Leung Chiu-Wai, Tony Chiu-Wai Leung, Michelle Yeoh",Destin Daniel Cretton,"['Action', 'Adventure', 'Fantasy']",PG-13
Deadpool,2016,"In this irreverent spin on the superhero genre, a mercenary reinvents himself as a wisecracking antihero called Deadpool after an experiment leaves him with advanced healing powers and a disfigured face. He then sets out to seek revenge on those responsible for his transformation.","Stefan Kapicic, Ryan Reynolds, Morena Baccarin, Ed Skrein",Tim Miller,"['Action', 'Comedy']",R
Spider-Man: Homecoming,2017,"Following the events of Captain America: Civil War, Peter Parker, with the help of his mentor Tony Stark, tries to balance his life as an ordinary high school student in Queens, New York City, with fighting crime as his superhero alter ego Spider-Man as a new threat, the Vulture, emerges.","Tom Holland, Michael Keaton, Robert Downey Jr., Marisa Tomei",Jon Watts,"['Action', 'Adventure', 'Sci-Fi']",PG-13
Joker,2019,"During the 1980s, a failed stand-up comedian is driven insane and turns to a life of crime and chaos in Gotham City while becoming an infamous psychopathic crime figure.","Joaquin Phoenix, Robert De Niro, Zazie Beetz, Frances Conroy",Todd Phillips,"['Crime', 'Drama', 'Thriller']",R
Captain Marvel,2019,"The story follows Carol Danvers as she becomes one of the universe’s most powerful heroes when Earth is caught in the middle of a galactic war between two alien races. Set in the 1990s, Captain Marvel is an all-new adventure from a previously unseen period in the history of the Marvel Cinematic Universe.","Brie Larson, Samuel L. Jackson, Ben Mendelsohn, Jude Law",Ryan Fleck,"['Action', 'Adventure', 'Sci-Fi']",PG-13
Saw X,2023,"John Kramer (Tobin Bell) is back. The most chilling installment of the SAW franchise yet explores the untold chapter of Jigsaw's most personal game. Set between the events of SAW I and II, a sick and desperate John travels to Mexico for a risky and experimental medical procedure in hopes of a miracle cure for his cancer - only to discover the entire operation is a scam to defraud the most vulnerable. Armed with a newfound purpose, John returns to his work, turning the tables on the con artists in his signature visceral way through a series of ingenious and terrifying traps.","Tobin Bell, Shawnee Smith, Synnøve Macody Lund, Steven Brand",Kevin Greutert,"['Horror', 'Mystery', 'Thriller']",R
The Creator,2023,"Amid a future war between the human race and the forces of artificial intelligence, Joshua, a hardened ex-special forces agent grieving the disappearance of his wife, is recruited to hunt down and kill the Creator, the elusive architect of advanced AI who has developed a mysterious weapon with the power to end the war-and mankind itself.","John David Washington, Madeleine Yuna Voyles, Gemma Chan, Allison Janney",Gareth Edwards,"['Action', 'Adventure', 'Drama']",PG-13
The Nun II,2023,"A follow-up to the enigmatic gothic horror about a strong evil that haunts and causes supernatural harm to everybody it comes into contact with. After the events of the first film, the said powerful evil now begins to spread in 1956 throughout a town in France as word gets out that a priest has been violently murdered. A finished contemplative in her novitiate, Sister Irene, begins to investigate the murder, only to find a demon behind it -- the same evil that terrorized her in the original film as a nun -- Valak, whom she once again soon comes to encounter.","Taissa Farmiga, Jonas Bloquet, Storm Reid, Anna Popplewell",Michael Chaves,"['Horror', 'Mystery', 'Thriller']",R
The Kill Room,2023,"THE KILL ROOM is a dark comedy / crime-thriller about a hitman, his boss (Jackson), an art dealer (Thurman) and their money laundering scheme that accidentally turns the hitman into an overnight, avant garde, sensation forcing the dealer to play the art world against the underworld.","Samuel L. Jackson, Maya Hawke, Uma Thurman, Joe Manganiello",Nicol Paone,"['Comedy', 'Thriller']",R
The Exorcist: Believer,2023,"When victors daughter, Angela, and her friend Katherine, show signs of demonic possession, it unleashes a chain of events that forces single father Victor Fielding to confront the nadir of evil. Terrified and desperate, he seeks out Chris MacNeil, the only person alive who's witnessed anything like it before.","Ellen Burstyn, Jennifer Nettles, Leslie Odom Jr., Ann Dowd",David Gordon Green,['Horror'],R
Meg 2: The Trench,2023,"Get ready for the ultimate adrenaline rush this summer in ""Meg 2: The Trench,"" a literally larger-than-life thrill ride that supersizes the 2018 blockbuster and takes the action to higher heights and even greater depths with multiple massive Megs and so much more. Dive into uncharted waters with Jason Statham and global action icon Wu Jing as they lead a daring research team on an exploratory dive into the deepest depths of the ocean. Their voyage spirals into chaos when a malevolent mining operation threatens their mission and forces them into a high-stakes battle for survival. Pitted against colossal Megs and relentless environmental plunderers, our heroes must outrun, outsmart, and outswim their merciless predators in a pulse-pounding race against time. Immerse yourself in the most electrifying cinematic experience of the year with ""Meg 2: The Trench"" - where the depths of the ocean are matched only by the heights of sheer, unstoppable excitement.","Jason Statham, Jing Wu, Shuya Sophia Cai, Cliff Curtis",Ben Wheatley,"['Action', 'Adventure', 'Horror']",PG-13
Insidious: The Red Door,2023,"Ten years after he first ventured into the Further, Josh Lambert heads east to drop his son Dalton off at an idyllic, ivy-covered university. However, Dalton's college dream becomes a nightmare when the repressed demons of his past suddenly resurface.","Patrick Wilson, Ty Simpkins, Rose Byrne, Lin Shaye",Patrick Wilson,"['Horror', 'Mystery', 'Thriller']",PG-13
Indiana Jones and the Dial of Destiny,2023,"Daredevil archaeologist Indiana Jones races against time to retrieve a legendary dial that can change the course of history. Accompanied by his goddaughter, he soon finds himself squaring off against Jürgen Voller, a former Nazi who works for NASA.","Harrison Ford, Mads Mikkelsen, Boyd Holbrook, Phoebe Waller-Bridge",James Mangold,"['Action', 'Adventure', 'Sci-Fi']",PG-13
Fast X,2023,Dom Toretto and his family are targeted by the vengeful son of drug kingpin Hernan Reyes.,"Vin Diesel, Michelle Rodriguez, Jason Statham, Jordana Brewster",Louis Leterrier,"['Action', 'Adventure', 'Crime']",PG-13
Transformers: Rise of the Beasts,2023,"Primarily influenced by the Beast Wars storyline, Transformers: Rise of the Beasts will take audiences on a '90s globetrotting adventure with the Autobots and introduce a whole new faction of Transformers - the Maximals - to join them as allies in the existing battle for earth. .","Michelle Yeoh, Pete Davidson, Colman Domingo, Peter Dinklage",Steven Caple Jr.,"['Action', 'Adventure', 'Sci-Fi']",PG-13
Kandahar,2023,A CIA operative and his translator flee from special forces in Afghanistan after exposing a covert mission.,"Gerard Butler, Navid Negahban, Ali Fazal, Bahador Foladi",Ric Roman Waugh,"['Action', 'Thriller']",R
Evil Dead Rise,2023,Two sisters find an ancient vinyl that gives birth to bloodthirsty demons that run amok in a Los Angeles apartment building and thrusts them into a primal battle for survival as they face the most nightmarish version of family imaginable.,"Lily Sullivan, Alyssa Sutherland, Morgan Davies, Gabrielle Echols",Lee Cronin,['Talk-Show'],R
Big George Foreman: The Miraculous Story of the Once and Future Heavyweight Champion of the World,2023,The life and boxing career of George Foreman.,"Khris Davis, Jasmine Mathews, Sullivan Jones, Lawrence Gilliard Jr.",George Tillman Jr.,"['Biography', 'Drama', 'Sport']",PG-13
Resident Evil: Death Island,2023,"D.S.O. agent Leon S. Kennedy is on a mission to rescue Dr. Antonio Taylor from kidnappers, when a mysterious woman thwarts his pursuit. Meanwhile, B.S.A.A. agent Chris Redfield is investigating a zombie outbreak in San Francisco, where the cause of the infection cannot be identified. The only thing the victims have in common is that they all visited Alcatraz Island recently. Following that clue, Chris and his team head to the island, where a new horror awaits them.","Erin Cahill, Kevin Dorman, Matthew Mercer, Stephanie Panisello",Eiichirô Hasumi,"['Animation', 'Action', 'Horror']",R
Guy Ritchie's The Covenant,2023,"During the war in Afghanistan, a local interpreter risks his own life to carry an injured sergeant across miles of grueling terrain.","Jake Gyllenhaal, Dar Salim, Sean Sagar, Jason Wong",Guy Ritchie,"['Action', 'Drama', 'Thriller', 'War']",R
The Little Mermaid,2023,"“The Little Mermaid” is visionary filmmaker Rob Marshall’s live-action reimagining of Disney’s beloved animated musical classic, the story of Ariel, a beautiful and spirited young mermaid with a thirst for adventure. The youngest of King Triton’s daughters and the most defiant, Ariel longs to find out more about the world beyond the sea and, while visiting the surface, falls for the dashing Prince Eric. While mermaids are forbidden to interact with humans, Ariel must follow her heart. She makes a deal with the evil sea witch, Ursula, which gives her a chance to experience life on land but ultimately places her life – and her father’s crown – in jeopardy. “The Little Mermaid” is directed by Rob Marshall with a screenplay by David Magee, and is produced by Marc Platt, Lin-Manuel Miranda, John DeLuca and Rob Marshall. Warning: Some flashing-lights scenes in this film may affect photosensitive viewers.","Halle Bailey, Jonah Hauer-King, Melissa McCarthy, Javier Bardem",Rob Marshall,"['Adventure', 'Family', 'Fantasy']",PG
Runner,2019,A refugee marathoner strives to raise his new country's flag at the Olympics.,Bill Gallagher,English,['English'],NR
Teenage Mutant Ninja Turtles: Mutant Mayhem,2023,The Turtle brothers as they work to earn the love of New York City while facing down an army of mutants.,"Ayo Edebiri, Rose Byrne, Seth Rogen, Jackie Chan","Jeff Rowe, Kyler Spears","['Animation', 'Action', 'Adventure', 'Comedy', 'Family', 'Fantasy', 'Sci-Fi']",PG
The Super Mario Bros. Movie,2023,"While working underground to fix a water main, Brooklyn plumbers—and brothers—Mario and Luigi are transported down a mysterious pipe and wander into a magical new world. But when the brothers are separated, Mario embarks on an epic quest to find Luigi.","Chris Pratt, Charlie Day, Anya Taylor-Joy, Jack Black","Michael Jelenic, Aaron Horvath","['Animation', 'Adventure', 'Comedy', 'Family', 'Fantasy']",PG-13
PAW Patrol: The Mighty Movie,2023,"When a magical meteor crash lands in Adventure City, it gives the PAW Patrol pups superpowers, transforming them into The MIGHTY PUPS. For Skye, the smallest member of the team, her new powers are a dream come true. But things take a turn for the worse when the pups' archival Humdinger breaks out of jail and teams up with a mad scientist to steal the superpowers for the two villains. With the fate of Adventure City hanging in the balance, the Mighty Pups have to stop the supervillains before it's too late,and Skye will need to learn that even the smallest pup can make the biggest difference.","Mckenna Grace, Taraji P. Henson, Marsai Martin, Christian Convery",Cal Brunker,"['Action', 'Adventure', 'Animation', 'Family']",PG
Elemental,2023,"In a city where fire, water, land, and air residents live together, a fiery young woman and a go-with-the-flow guy are about to discover something elemental: How much they actually have in common.","Leah Lewis, Mamoudou Athie, Ronnie Del Carmen, Shila Ommi",Peter Sohn,"['Animation', 'Adventure', 'Comedy', 'Drama', 'Family', 'Fantasy', 'Romance']",PG
Spider-Man: Across the Spider-Verse,2023,"Miles Morales returns for the next chapter of the Spider-Verse saga, an epic adventure that will transport Brooklyn’s full-time, friendly neighborhood Spider-Man across the Multiverse to join forces with Gwen Stacy and a new team of Spider-People to face off with a villain more powerful than anything they have ever encountered.","Shameik Moore, Hailee Steinfeld, Oscar Isaac, Jake Johnson","Joaquim Dos Santos, Justin K. Thompson, Kemp Powers","['Animation', 'Action', 'Adventure']",PG
Guardians of the Galaxy Vol. 3,2023,"Peter Quill, still reeling from the loss of Gamora, must rally his team around him to defend the universe along with protecting one of their own. A mission that, if not completed successfully, could quite possibly lead to the end of the Guardians as we know them.","Chris Pratt, Zoe Saldaña, Bradley Cooper, Dave Bautista",James Gunn,"['Action', 'Adventure', 'Comedy']",PG-13
The Martian,2015,"During a manned mission to Mars, Astronaut Mark Watney is presumed dead after a fierce storm and left behind by his crew. But Watney has survived and finds himself stranded and alone on the hostile planet. With only meager supplies, he must draw upon his ingenuity, wit and spirit to subsist and find a way to signal to Earth that he is alive.","Matt Damon, Jessica Chastain, Kristen Wiig, Jeff Daniels",Ridley Scott,"['Adventure', 'Drama', 'Sci-Fi']",PG-13
The Goonies,1985,"Kids find a treasure map and go searching for pirate's booty in a subterranean cavern, but they run into a band of outlaws and their ringleader, whose soft-hearted son comes to the kids' rescue.","Sean Astin, Josh Brolin, Jeff Cohen, Corey Feldman",Richard Donner,"['Adventure', 'Comedy', 'Family']",PG
Interstellar,2014,The adventures of a group of explorers who make use of a newly discovered wormhole to surpass the limitations on human space travel and conquer the vast distances involved in an interstellar voyage.,"Matthew McConaughey, Jessica Chastain, Anne Hathaway, Michael Caine",Christopher Nolan,"['Adventure', 'Drama', 'Sci-Fi']",PG-13
The Matrix,1999,"Set in the 22nd century, The Matrix tells the story of a computer hacker who joins a group of underground insurgents fighting the vast and powerful computers who now rule the earth.","Keanu Reeves, Laurence Fishburne, Carrie-Anne Moss, Hugo Weaving",Lilly Wachowski,"['Action', 'Sci-Fi']",R
"The Chronicles Of Narnia: The Lion, The Witch and The Wardrobe",2005,"C.S. Lewis's beloved fantasy novels come to life in this enchanting adventure, which features scenes not shown in theaters. It's the tale of four British children who enter a magical world, where they befriend wondrous creatures and battle a witch (Tilda Swinton). Georgie Henley, Skandar Keynes, William Moseley, Anna Popplewell. Directed by Andrew Adamson.","Georgie Henley, Skandar Keynes, William Moseley, Anna Popplewell",Andrew Adamson,"['Adventure', 'Family', 'Fantasy']",PG
